{"stenosis_severity": 0.3999732073440866, "lesion_length": 17.32240246093635, "reference_diameter": 3.536143969194613, "plaque_burden": 0.6008301626105397, "vessel_curvature": 0.2520189400824634, "tapering_rate": 0.0054977708111983645, "bifurcation_angle_prox": 59.61051948511397, "bifurcation_angle_dist": 60.21474904247675, "parent_vessel_diameter": 4.566913109818383, "parent_vessel_length": 29.684220832315425, "child_vessel_diameter": 2.422746854357232, "child_vessel_length": 25.20586078956969, "min_lumen_area": 1.9745879190749966, "tree_feature_1": -0.03284572307700864, "tree_feature_2": -0.05434402469498088, "tree_feature_3": -0.02770093840215025, "tree_feature_4": -0.052738349469455284, "tree_feature_5": -0.009958725339145123, "tree_feature_6": -0.011275833392253184, "tree_feature_7": -0.0021346726710204135, "tree_feature_8": 0.00016886544549862137, "tree_feature_9": 0.015257950171345227, "tree_feature_10": -0.027785829750816938, "tree_feature_11": 0.018583605663216447, "tree_feature_12": 0.0321405435889783, "tree_feature_13": -0.01668725867058124, "tree_feature_14": 0.005373539530183788, "tree_feature_15": -0.00763578075788531}