dataset,n_samples,mean_score,std_score,min_score,max_score
real_train,746,0.80733675,0.08943879,0.4217086,0.9023556
real_val,160,0.8071629,0.091736116,0.4916006,0.90358084
real_test,160,0.8049568,0.09549694,0.45888317,0.90079474
fake_biased,1200,0.10269221,0.15891907,0.04645279,0.7269178
