mae_real,mae_fake,mae_overall,mre_real,mre_fake,mre_overall
0.21339664,0.107047886,0.119559504,0.21339664,1.0,0.9074584
