auc_roc,auc_pr,ks_statistic,separation_gap,threshold_10pct,sensitivity,specificity,precision,f1_score,false_positive_rate,tp,fn,tn,fp
0.9935052083333333,0.9634330252996052,0.9283333333333333,0.7022646,0.68018955,0.9,0.9716666666666667,0.8089887640449438,0.8520710059171598,0.028333333333333332,144,16,1166,34
